NodeId,SpeedNode,CpuUsageNode,BlocksMinedInLongestChain,TotalBlocksMined,Ratio
1,1,1,35,38,0.921053
2,1,0,0,0,NA
3,1,1,0,1,NA
4,1,1,1,1,1
5,1,1,2,3,0.666667
6,1,0,0,0,NA
7,1,0,0,0,NA
8,0,1,2,5,0.4
9,1,1,0,2,NA
10,1,1,0,1,NA
11,1,1,0,0,NA
12,1,0,0,0,NA
13,1,1,0,0,NA
14,1,1,1,3,0.333333
15,1,1,0,4,NA
16,0,1,0,2,NA
17,1,1,0,2,NA
18,1,1,0,1,NA
19,1,0,0,0,NA
20,1,1,1,1,1
21,1,1,0,1,NA
22,1,0,0,0,NA
23,1,0,0,0,NA
24,1,1,1,3,0.333333
25,1,0,0,0,NA
26,1,1,2,2,1
27,1,1,0,3,NA
28,1,0,0,0,NA
29,1,0,0,0,NA
30,0,0,0,0,NA
31,1,1,2,3,0.666667
32,0,0,0,0,NA
33,1,1,1,1,1
34,1,1,0,1,NA
35,1,1,0,0,NA
36,1,0,0,0,NA
37,0,1,1,2,0.5
38,0,1,2,3,0.666667
39,0,1,0,0,NA
40,0,0,0,0,NA
41,0,1,0,0,NA
42,1,0,0,0,NA
43,1,0,0,0,NA
44,1,0,0,1,NA
45,1,1,0,0,NA
46,1,0,0,0,NA
47,1,0,0,0,NA
48,0,1,1,1,1
49,1,1,0,0,NA
50,1,1,1,3,0.333333
51,1,0,0,0,NA
