NodeId,SpeedNode,CpuUsageNode,BlocksMinedInLongestChain,TotalBlocksMined,Ratio
1,1,1,82,99,0.828283
2,1,1,2,4,0.5
3,0,0,1,1,1
4,1,1,2,5,0.4
5,1,1,3,3,1
6,0,0,0,0,NA
7,1,1,1,1,1
8,0,0,0,0,NA
9,1,1,2,6,0.333333
10,0,1,0,0,NA
11,0,1,1,6,0.166667
12,1,1,2,3,0.666667
13,0,1,2,4,0.5
14,0,1,2,3,0.666667
15,0,0,0,0,NA
16,0,0,1,1,1
17,1,1,3,4,0.75
18,1,1,2,2,1
19,1,0,0,0,NA
20,0,0,0,0,NA
21,1,1,4,5,0.8
22,1,0,1,1,1
23,1,1,1,1,1
24,1,1,0,2,NA
25,0,1,1,3,0.333333
26,1,1,1,5,0.2
27,1,1,10,10,1
28,0,0,0,0,NA
29,0,1,0,2,NA
30,1,0,2,2,1
31,0,0,0,1,NA
32,0,1,2,4,0.5
33,0,0,0,0,NA
34,1,1,0,4,NA
35,1,1,3,3,1
36,1,1,0,3,NA
37,1,1,1,3,0.333333
38,0,1,1,5,0.2
39,0,0,0,1,NA
40,0,0,0,0,NA
41,1,0,0,0,NA
42,0,1,1,1,1
43,1,0,0,0,NA
44,1,0,0,0,NA
45,0,0,0,0,NA
46,0,0,0,0,NA
47,1,1,3,4,0.75
48,1,1,1,1,1
49,0,1,1,2,0.5
50,0,1,1,3,0.333333
51,0,0,0,1,NA
