NodeId,SpeedNode,CpuUsageNode,BlocksMinedInLongestChain,TotalBlocksMined,Ratio
1,1,1,59,63,0.936508
2,1,0,0,0,NA
3,1,1,2,4,0.5
4,0,0,0,0,NA
5,1,1,0,1,NA
6,0,0,0,0,NA
7,0,0,0,0,NA
8,1,1,3,5,0.6
9,1,1,4,5,0.8
10,1,1,0,1,NA
11,0,1,4,4,1
12,1,0,0,1,NA
13,0,0,0,0,NA
14,0,1,0,0,NA
15,0,1,2,3,0.666667
16,0,1,0,1,NA
17,0,0,0,0,NA
18,0,1,0,1,NA
19,1,0,0,0,NA
20,1,0,0,1,NA
21,1,1,2,5,0.4
22,1,1,0,1,NA
23,1,1,1,1,1
24,0,1,1,2,0.5
25,0,1,1,1,1
26,0,0,0,0,NA
27,1,0,0,1,NA
28,1,0,0,0,NA
29,1,0,0,0,NA
30,1,1,5,5,1
31,1,0,1,1,1
32,1,0,0,0,NA
33,0,1,1,2,0.5
34,1,0,0,0,NA
35,0,0,0,1,NA
36,1,1,2,2,1
37,1,0,0,0,NA
38,1,0,0,0,NA
39,0,1,0,4,NA
40,0,1,5,6,0.833333
41,1,1,0,1,NA
42,1,0,0,0,NA
43,1,1,1,1,1
44,1,1,0,1,NA
45,1,0,0,0,NA
46,1,1,1,2,0.5
47,1,0,0,0,NA
48,0,0,0,0,NA
49,0,1,3,3,1
50,0,0,0,0,NA
51,1,0,0,0,NA
